timestamp,packet_count
2024-01-01 00:00:00,50.993428306022466
2024-01-01 00:01:00,49.767112676778446
2024-01-01 00:02:00,51.38265880326416
2024-01-01 00:03:00,53.176980225478935
2024-01-01 00:04:00,49.70625005534309
2024-01-01 00:05:00,49.749915858461215
2024-01-01 00:06:00,53.42024421536654
2024-01-01 00:07:00,51.840311868130726
2024-01-01 00:08:00,49.410111646062695
2024-01-01 00:09:00,51.477791865111136
2024-01-01 00:10:00,49.50944027361078
2024-01-01 00:11:00,49.548411724215
2024-01-01 00:12:00,51.0073822071224
2024-01-01 00:13:00,46.74047363769027
2024-01-01 00:14:00,47.16076412543171
2024-01-01 00:15:00,49.529578766125404
2024-01-01 00:16:00,48.67203315926853
2024-01-01 00:17:00,51.369718352358504
2024-01-01 00:18:00,48.96868970622983
2024-01-01 00:19:00,48.00362967882171
2024-01-01 00:20:00,53.80301806919787
2024-01-01 00:21:00,50.463634777713715
2024-01-01 00:22:00,51.09369320500756
2024-01-01 00:23:00,48.152571582237904
2024-01-01 00:24:00,49.9567145795588
2024-01-01 00:25:00,51.310717370070996
2024-01-01 00:26:00,48.830256459512285
2024-01-01 00:27:00,51.92698951037813
2024-01-01 00:28:00,50.01764356317477
2024-01-01 00:29:00,50.678837697545035
2024-01-01 00:30:00,50.102092186825615
2024-01-01 00:31:00,55.05331713018662
2024-01-01 00:32:00,51.3649959734802
2024-01-01 00:33:00,49.319771715395234
2024-01-01 00:34:00,53.12345921359367
2024-01-01 00:35:00,49.079829748941016
2024-01-01 00:36:00,51.98236292002634
2024-01-01 00:37:00,47.68838436380344
2024-01-01 00:38:00,48.994410775066655
2024-01-01 00:39:00,52.08753216558178
2024-01-01 00:40:00,53.213737415017796
2024-01-01 00:41:00,52.122502299932144
2024-01-01 00:42:00,51.5913967584111
2024-01-01 00:43:00,51.26337880316846
2024-01-01 00:44:00,48.951399553370855
2024-01-01 00:45:00,50.511576109425995
2024-01-01 00:46:00,51.07277081320066
2024-01-01 00:47:00,54.151038658409924
2024-01-01 00:48:00,52.76673784378311
2024-01-01 00:49:00,48.5960884070311
2024-01-01 00:50:00,52.81296369146117
2024-01-01 00:51:00,51.43721699669675
2024-01-01 00:52:00,50.89608132064145
2024-01-01 00:53:00,53.515778811249376
2024-01-01 00:54:00,54.396882530004355
2024-01-01 00:55:00,54.239856505192
2024-01-01 00:56:00,50.741228725182545
2024-01-01 00:57:00,51.843560440395784
2024-01-01 00:58:00,53.16678658513667
2024-01-01 00:59:00,54.4975768114184
2024-01-01 01:00:00,51.630316416700275
2024-01-01 01:01:00,52.25947597133738
2024-01-01 01:02:00,50.46020290360706
2024-01-01 01:03:00,50.32248762366908
2024-01-01 01:04:00,54.38192882963412
2024-01-01 01:05:00,55.51128104833828
2024-01-01 01:06:00,52.69665124925412
2024-01-01 01:07:00,54.889553686831086
2024-01-01 01:08:00,53.647521440765935
2024-01-01 01:09:00,51.67571568669832
2024-01-01 01:10:00,53.730395723461164
2024-01-01 01:11:00,56.12526967996941
2024-01-01 01:12:00,53.01907842931852
2024-01-01 01:13:00,56.26149291453173
2024-01-01 01:14:00,47.9341308350315
2024-01-01 01:15:00,54.85878104842452
2024-01-01 01:16:00,53.4303639411343
2024-01-01 01:17:00,52.69948685076215
2024-01-01 01:18:00,53.52219204856523
2024-01-01 01:19:00,49.40463802276572
2024-01-01 01:20:00,52.981473062558265
2024-01-01 01:21:00,54.17601781566066
2024-01-01 01:22:00,56.45849066424857
2024-01-01 01:23:00,52.50700532891328
2024-01-01 01:24:00,51.96733426104859
2024-01-01 01:25:00,52.62151481511775
2024-01-01 01:26:00,55.49647153191856
2024-01-01 01:27:00,54.36373809485031
2024-01-01 01:28:00,52.68721345914523
2024-01-01 01:29:00,54.813695364873496
2024-01-01 01:30:00,54.02167010017583
2024-01-01 01:31:00,55.8050865876641
2024-01-01 01:32:00,52.503898359056286
2024-01-01 01:33:00,53.29281376313375
2024-01-01 01:34:00,53.20398006451798
2024-01-01 01:35:00,51.101148830967006
2024-01-01 01:36:00,54.660324918313215
2024-01-01 01:37:00,54.63002306596958
2024-01-01 01:38:00,54.157889354238165
2024-01-01 01:39:00,53.71815909839889
2024-01-01 01:40:00,51.39618305453618
2024-01-01 01:41:00,53.42514456184425
2024-01-01 01:42:00,53.620435585801054
2024-01-01 01:43:00,52.74065748367178
2024-01-01 01:44:00,54.061905244425276
2024-01-01 01:45:00,55.23175952158771
2024-01-01 01:46:00,58.23512649890772
2024-01-01 01:47:00,54.85092221437733
2024-01-01 01:48:00,55.05579352307622
2024-01-01 01:49:00,54.430640582329495
2024-01-01 01:50:00,50.7807424350801
2024-01-01 01:51:00,54.603921608113644
2024-01-01 01:52:00,54.815985577353096
2024-01-01 01:53:00,59.66049575132246
2024-01-01 01:54:00,54.387685803092396
2024-01-01 01:55:00,55.41380772976378
2024-01-01 01:56:00,54.77950319471555
2024-01-01 01:57:00,52.54969199669743
2024-01-01 01:58:00,57.2107219615103
2024-01-01 01:59:00,56.46687685685591
2024-01-01 02:00:00,56.58291462054045
2024-01-01 02:01:00,53.2198205071186
2024-01-01 02:02:00,57.88183276524156
2024-01-01 02:03:00,52.31009406380718
2024-01-01 02:04:00,56.32496502717063
2024-01-01 02:05:00,59.56951863217422
2024-01-01 02:06:00,53.2447924506013
2024-01-01 02:07:00,54.1304278316903
2024-01-01 02:08:00,55.4993839731252
2024-01-01 02:09:00,54.33008694299773
2024-01-01 02:10:00,52.272566749732015
2024-01-01 02:11:00,55.547772572528174
2024-01-01 02:12:00,53.32268915694649
2024-01-01 02:13:00,56.431027659558104
2024-01-01 02:14:00,53.681436100067295
2024-01-01 02:15:00,58.65649001111611
2024-01-01 02:16:00,54.02634541919697
2024-01-01 02:17:00,54.98485325444766
2024-01-01 02:18:00,57.29202779677669
2024-01-01 02:19:00,53.23917391056605
2024-01-01 02:20:00,56.19162301634149
2024-01-01 02:21:00,58.38667999985233
2024-01-01 02:22:00,52.593009427007516
2024-01-01 02:23:00,56.21271440105243
2024-01-01 02:24:00,56.3985717677918
2024-01-01 02:25:00,57.47769945215953
2024-01-01 02:26:00,53.47528717884754
2024-01-01 02:27:00,53.34329695995407
2024-01-01 02:28:00,57.063000929384735
2024-01-01 02:29:00,56.647880118315015
2024-01-01 02:30:00,56.589574145250836
2024-01-01 02:31:00,56.81604657481556
2024-01-01 02:32:00,54.797545804227134
2024-01-01 02:33:00,56.65643045753763
2024-01-01 02:34:00,56.81227789611611
2024-01-01 02:35:00,54.8315214186894
2024-01-01 02:36:00,60.025745351882435
2024-01-01 02:37:00,57.27571436887263
2024-01-01 02:38:00,53.97917320796631
2024-01-01 02:39:00,57.7084979303848
2024-01-01 02:40:00,54.479516078695184
2024-01-01 02:41:00,58.03641489013863
2024-01-01 02:42:00,58.812680026159676
2024-01-01 02:43:00,54.88724370578
2024-01-01 02:44:00,58.48835573337436
2024-01-01 02:45:00,57.420035490809255
2024-01-01 02:46:00,58.27133852258867
2024-01-01 02:47:00,60.45342251354064
2024-01-01 02:48:00,56.20155182059033
2024-01-01 02:49:00,55.217219768151175
2024-01-01 02:50:00,54.97789920539595
2024-01-01 02:51:00,55.15741477205107
2024-01-01 02:52:00,56.66680989853709
2024-01-01 02:53:00,57.53516533138735
2024-01-01 02:54:00,57.43796052723947
2024-01-01 02:55:00,58.57053185183049
2024-01-01 02:56:00,56.97362383946122
2024-01-01 02:57:00,59.886010589658056
2024-01-01 02:58:00,56.480818229639816
2024-01-01 02:59:00,62.48152617717638
2024-01-01 03:00:00,58.32344438303527
2024-01-01 03:01:00,55.3885817248793
2024-01-01 03:02:00,54.99176371213181
2024-01-01 03:03:00,58.12900954583169
2024-01-01 03:04:00,56.74751870713522
2024-01-01 03:05:00,58.65268780516289
2024-01-01 03:06:00,58.20126700607736
2024-01-01 03:07:00,57.13910069895809
2024-01-01 03:08:00,55.620999112128466
2024-01-01 03:09:00,54.31458081144315
2024-01-01 03:10:00,56.48079419234422
2024-01-01 03:11:00,59.11603008112399
2024-01-01 03:12:00,57.86068737696809
2024-01-01 03:13:00,54.97014817032803
2024-01-01 03:14:00,57.83697130659031
2024-01-01 03:15:00,58.29008527755771
2024-01-01 03:16:00,55.78043349568769
2024-01-01 03:17:00,57.88415267017802
2024-01-01 03:18:00,57.72152968175034
2024-01-01 03:19:00,55.347436591058475
2024-01-01 03:20:00,58.377071466241986
2024-01-01 03:21:00,58.81103943851514
2024-01-01 03:22:00,59.88340006099237
2024-01-01 03:23:00,59.8525818862163
2024-01-01 03:24:00,55.017171745189486
2024-01-01 03:25:00,55.924245067303495
2024-01-01 03:26:00,58.857201793093815
2024-01-01 03:27:00,58.88179019882545
2024-01-01 03:28:00,58.911251118827764
2024-01-01 03:29:00,65.61340607458717
2024-01-01 03:30:00,59.07636084938971
2024-01-01 03:31:00,60.232196723438435
2024-01-01 03:32:00,59.89540296104859
2024-01-01 03:33:00,59.31636380202042
2024-01-01 03:34:00,57.40907205118443
2024-01-01 03:35:00,59.58342510247242
2024-01-01 03:36:00,56.545558740567046
2024-01-01 03:37:00,57.64314036155078
2024-01-01 03:38:00,57.17146429502522
2024-01-01 03:39:00,58.33119841134875
2024-01-01 03:40:00,62.82187045298535
2024-01-01 03:41:00,54.48297008857876
2024-01-01 03:42:00,59.61481150056082
2024-01-01 03:43:00,55.041493043252345
2024-01-01 03:44:00,57.34753727047747
2024-01-01 03:45:00,60.493620496853836
2024-01-01 03:46:00,58.46843926325175
2024-01-01 03:47:00,56.20839075248018
2024-01-01 03:48:00,56.957114677115555
2024-01-01 03:49:00,59.770599630736676
2024-01-01 03:50:00,56.97419270555897
2024-01-01 03:51:00,58.891204335187275
2024-01-01 03:52:00,58.57263092883498
2024-01-01 03:53:00,57.20132511093161
2024-01-01 03:54:00,62.815290567236126
2024-01-01 03:55:00,59.817954605289465
2024-01-01 03:56:00,54.52238271642456
2024-01-01 03:57:00,58.96796457587742
2024-01-01 03:58:00,57.29370737451673
2024-01-01 03:59:00,60.344207209198544
2024-01-01 04:00:00,57.076194755978236
2024-01-01 04:01:00,58.45349408381346
2024-01-01 04:02:00,59.714506885400766
2024-01-01 04:03:00,60.45744229253419
2024-01-01 04:04:00,56.346572475328024
2024-01-01 04:05:00,58.09922960709009
2024-01-01 04:06:00,57.83924124863744
2024-01-01 04:07:00,57.50320580280302
2024-01-01 04:08:00,62.36133735544438
2024-01-01 04:09:00,59.66078872200907
2024-01-01 04:10:00,56.34928524643104
2024-01-01 04:11:00,60.726835948779915
2024-01-01 04:12:00,63.15531401078429
2024-01-01 04:13:00,60.995651983658696
2024-01-01 04:14:00,55.91153128457616
2024-01-01 04:15:00,58.001182360471056
2024-01-01 04:16:00,61.522681260995554
2024-01-01 04:17:00,57.59255728866434
2024-01-01 04:18:00,59.914400771756824
2024-01-01 04:19:00,60.594723796857956
2024-01-01 04:20:00,57.21011624431439
2024-01-01 04:21:00,58.96327534299966
2024-01-01 04:22:00,52.61796726335214
2024-01-01 04:23:00,57.06972922373051
2024-01-01 04:24:00,58.631197098191855
2024-01-01 04:25:00,56.65842192373403
2024-01-01 04:26:00,62.43629143806928
2024-01-01 04:27:00,56.32849193975453
2024-01-01 04:28:00,58.32581658107675
2024-01-01 04:29:00,59.48434223489369
2024-01-01 04:30:00,62.12218752843051
2024-01-01 04:31:00,56.384520542457714
2024-01-01 04:32:00,61.59899995195353
2024-01-01 04:33:00,59.30938956794325
2024-01-01 04:34:00,57.341980227990405
2024-01-01 04:35:00,60.24510134257461
2024-01-01 04:36:00,59.73473312616936
2024-01-01 04:37:00,58.15172149930585
2024-01-01 04:38:00,59.50712282383203
2024-01-01 04:39:00,58.61207644937779
2024-01-01 04:40:00,59.624744622665105
2024-01-01 04:41:00,60.73679858427264
2024-01-01 04:42:00,62.59921890219942
2024-01-01 04:43:00,56.966022759561305
2024-01-01 04:44:00,63.72200917089942
2024-01-01 04:45:00,55.56587539184171
2024-01-01 04:46:00,59.18040900633569
2024-01-01 04:47:00,60.674361185844
2024-01-01 04:48:00,60.0732771939285
2024-01-01 04:49:00,58.27927995512936
2024-01-01 04:50:00,59.12163862615968
2024-01-01 04:51:00,58.564903733969835
2024-01-01 04:52:00,58.38501666209974
2024-01-01 04:53:00,61.275608794460496
2024-01-01 04:54:00,60.30291160741988
2024-01-01 04:55:00,58.215354853066
2024-01-01 04:56:00,61.41248434144092
2024-01-01 04:57:00,60.23981108755044
2024-01-01 04:58:00,61.26268041976689
2024-01-01 04:59:00,60.90777445962153
2024-01-01 05:00:00,83.00190358482946
2024-01-01 05:01:00,83.55072437771318
2024-01-01 05:02:00,86.17668232714566
2024-01-01 05:03:00,85.91365990424892
2024-01-01 05:04:00,84.66175583347183
2024-01-01 05:05:00,84.94866862493151
2024-01-01 05:06:00,62.279613476580586
2024-01-01 05:07:00,58.55122552820177
2024-01-01 05:08:00,60.83846229119441
2024-01-01 05:09:00,59.349595860541
2024-01-01 05:10:00,59.32814662407931
2024-01-01 05:11:00,61.9704046467387
2024-01-01 05:12:00,61.43283942215329
2024-01-01 05:13:00,61.417995472395454
2024-01-01 05:14:00,62.41071681489383
2024-01-01 05:15:00,59.85036324073733
2024-01-01 05:16:00,61.18067104992036
2024-01-01 05:17:00,59.204454176808326
2024-01-01 05:18:00,60.48135585383825
2024-01-01 05:19:00,59.58058522215248
2024-01-01 05:20:00,60.042524016585986
2024-01-01 05:21:00,61.04631932096881
2024-01-01 05:22:00,58.22684937257217
2024-01-01 05:23:00,64.05516290604699
2024-01-01 05:24:00,57.86526321882735
2024-01-01 05:25:00,57.45564226331702
2024-01-01 05:26:00,62.20677449485755
2024-01-01 05:27:00,61.48022302221691
2024-01-01 05:28:00,61.151293661454844
2024-01-01 05:29:00,61.16571282831162
2024-01-01 05:30:00,59.89030732223419
2024-01-01 05:31:00,58.12588234874751
2024-01-01 05:32:00,60.077401491074234
2024-01-01 05:33:00,58.57668119093539
2024-01-01 05:34:00,61.88626717710242
2024-01-01 05:35:00,59.64674680493599
2024-01-01 05:36:00,58.29451170133044
2024-01-01 05:37:00,59.30718951942824
2024-01-01 05:38:00,60.780089715097134
2024-01-01 05:39:00,58.83085371950107
2024-01-01 05:40:00,58.317748389660125
2024-01-01 05:41:00,60.45326022256325
2024-01-01 05:42:00,60.459325753281064
2024-01-01 05:43:00,58.95882319771361
2024-01-01 05:44:00,59.03375993734615
2024-01-01 05:45:00,60.442873426603725
2024-01-01 05:46:00,57.085351819440916
2024-01-01 05:47:00,57.16914979915341
2024-01-01 05:48:00,58.549555597099534
2024-01-01 05:49:00,59.56172622903023
2024-01-01 05:50:00,60.61242191619822
2024-01-01 05:51:00,62.94311519331881
2024-01-01 05:52:00,61.70932766790486
2024-01-01 05:53:00,59.675546680737725
2024-01-01 05:54:00,59.95861627414986
2024-01-01 05:55:00,57.99262451676715
2024-01-01 05:56:00,59.96150111723856
2024-01-01 05:57:00,59.42186382557936
2024-01-01 05:58:00,60.6450814968574
2024-01-01 05:59:00,58.34545531158008
2024-01-01 06:00:00,61.038692594216414
2024-01-01 06:01:00,63.065369301765664
2024-01-01 06:02:00,59.782072633908975
2024-01-01 06:03:00,60.8025273808045
2024-01-01 06:04:00,61.37871248584774
2024-01-01 06:05:00,59.19511369744803
2024-01-01 06:06:00,60.44467933317712
2024-01-01 06:07:00,60.02042850919248
2024-01-01 06:08:00,60.18915487635491
2024-01-01 06:09:00,58.44615174417583
2024-01-01 06:10:00,60.03936998510585
2024-01-01 06:11:00,60.984334270546846
2024-01-01 06:12:00,62.88842272019978
2024-01-01 06:13:00,61.902284780361725
2024-01-01 06:14:00,64.28752551938844
2024-01-01 06:15:00,58.44369285654159
2024-01-01 06:16:00,61.72006658829629
2024-01-01 06:17:00,60.33895666987988
2024-01-01 06:18:00,64.3485359394423
2024-01-01 06:19:00,58.348801051617855
2024-01-01 06:20:00,58.28223168928324
2024-01-01 06:21:00,58.75897810696167
2024-01-01 06:22:00,55.705870320829625
2024-01-01 06:23:00,58.897860523200244
2024-01-01 06:24:00,58.42662454780889
2024-01-01 06:25:00,60.24100734080319
2024-01-01 06:26:00,60.61887229786496
2024-01-01 06:27:00,63.68265337727877
2024-01-01 06:28:00,61.82592159798696
2024-01-01 06:29:00,58.76583980304658
2024-01-01 06:30:00,58.11720203777723
2024-01-01 06:31:00,60.89206516989115
2024-01-01 06:32:00,57.26176715009447
2024-01-01 06:33:00,63.55896923810142
2024-01-01 06:34:00,62.248561612829405
2024-01-01 06:35:00,58.944771376236204
2024-01-01 06:36:00,56.45010670030221
2024-01-01 06:37:00,62.57718548233255
2024-01-01 06:38:00,59.633238048576096
2024-01-01 06:39:00,62.33063953333215
2024-01-01 06:40:00,56.65865306656458
2024-01-01 06:41:00,58.64107226029271
2024-01-01 06:42:00,59.84243622134919
2024-01-01 06:43:00,59.91784926877655
2024-01-01 06:44:00,58.915509294766956
2024-01-01 06:45:00,61.05290531312895
2024-01-01 06:46:00,57.663343015253886
2024-01-01 06:47:00,59.50501670864216
2024-01-01 06:48:00,60.02137229361306
2024-01-01 06:49:00,60.80047776795952
2024-01-01 06:50:00,61.185462818678076
2024-01-01 06:51:00,57.50339591289014
2024-01-01 06:52:00,56.67471304251051
2024-01-01 06:53:00,62.288370754025564
2024-01-01 06:54:00,60.38753548828018
2024-01-01 06:55:00,58.21563956569135
2024-01-01 06:56:00,62.80443678079614
2024-01-01 06:57:00,59.92281750534196
2024-01-01 06:58:00,62.039213431062244
2024-01-01 06:59:00,59.80462247773648
2024-01-01 07:00:00,63.77986365260692
2024-01-01 07:01:00,63.157647825250265
2024-01-01 07:02:00,59.13745244767352
2024-01-01 07:03:00,61.566753738207105
2024-01-01 07:04:00,60.90241153868146
2024-01-01 07:05:00,62.336787496972676
2024-01-01 07:06:00,57.65735937345313
2024-01-01 07:07:00,60.946808532230754
2024-01-01 07:08:00,61.67887154655307
2024-01-01 07:09:00,56.03167844518455
2024-01-01 07:10:00,57.169593367458916
2024-01-01 07:11:00,55.444417390102494
2024-01-01 07:12:00,58.97065805958727
2024-01-01 07:13:00,60.930965108346655
2024-01-01 07:14:00,62.48682271350244
2024-01-01 07:15:00,59.61634558928008
2024-01-01 07:16:00,62.71125421102448
2024-01-01 07:17:00,56.67950723637587
2024-01-01 07:18:00,56.018452521102
2024-01-01 07:19:00,59.29944973913333
2024-01-01 07:20:00,60.16382454147057
2024-01-01 07:21:00,59.31527370647744
2024-01-01 07:22:00,55.23056990033315
2024-01-01 07:23:00,59.171826547476236
2024-01-01 07:24:00,56.72556207298791
2024-01-01 07:25:00,60.6581028370173
2024-01-01 07:26:00,60.036033414617194
2024-01-01 07:27:00,57.40697935376488
2024-01-01 07:28:00,58.24273022326978
2024-01-01 07:29:00,57.135585583182625
2024-01-01 07:30:00,59.11202675225441
2024-01-01 07:31:00,61.13086597515217
2024-01-01 07:32:00,57.232150016372884
2024-01-01 07:33:00,60.19454062590055
2024-01-01 07:34:00,58.108602881587274
2024-01-01 07:35:00,57.56586834497323
2024-01-01 07:36:00,58.9198748818311
2024-01-01 07:37:00,57.04559858691799
2024-01-01 07:38:00,57.99075862886407
2024-01-01 07:39:00,56.6841021832853
2024-01-01 07:40:00,62.99093603092112
2024-01-01 07:41:00,59.113468083289455
2024-01-01 07:42:00,57.624772948449284
2024-01-01 07:43:00,59.43329489830085
2024-01-01 07:44:00,58.761618576910365
2024-01-01 07:45:00,58.525103926765574
2024-01-01 07:46:00,60.175974191817645
2024-01-01 07:47:00,60.44308346361406
2024-01-01 07:48:00,57.847322958753665
2024-01-01 07:49:00,57.736776317822574
2024-01-01 07:50:00,58.31822766387451
2024-01-01 07:51:00,54.244238084172
2024-01-01 07:52:00,55.79727912679871
2024-01-01 07:53:00,61.54082249462211
2024-01-01 07:54:00,62.07625435835689
2024-01-01 07:55:00,58.267324482240966
2024-01-01 07:56:00,59.89742117432404
2024-01-01 07:57:00,59.34555170267855
2024-01-01 07:58:00,64.8593910192338
2024-01-01 07:59:00,60.919191505274085
2024-01-01 08:00:00,58.40245346202807
2024-01-01 08:01:00,56.72528982317838
2024-01-01 08:02:00,55.401395637501274
2024-01-01 08:03:00,58.99896905821094
2024-01-01 08:04:00,57.056930162890914
2024-01-01 08:05:00,55.70255088658691
2024-01-01 08:06:00,57.231176404884906
2024-01-01 08:07:00,56.33832768201949
2024-01-01 08:08:00,61.85264655968005
2024-01-01 08:09:00,60.21842092733035
2024-01-01 08:10:00,58.41581322058155
2024-01-01 08:11:00,61.36810328200896
2024-01-01 08:12:00,58.539247980171545
2024-01-01 08:13:00,56.63807963395295
2024-01-01 08:14:00,61.38287362846157
2024-01-01 08:15:00,59.39026422171058
2024-01-01 08:16:00,56.21361216976418
2024-01-01 08:17:00,57.88292961354842
2024-01-01 08:18:00,56.48771556803963
2024-01-01 08:19:00,55.448540801338766
2024-01-01 08:20:00,60.04152710271219
2024-01-01 08:21:00,61.9828810644318
2024-01-01 08:22:00,55.341632921665564
2024-01-01 08:23:00,59.2392718199369
2024-01-01 08:24:00,56.78645896142581
2024-01-01 08:25:00,57.087750048480764
2024-01-01 08:26:00,56.851316137399024
2024-01-01 08:27:00,56.28207256313301
2024-01-01 08:28:00,58.08089491788578
2024-01-01 08:29:00,56.29559693060904
2024-01-01 08:30:00,58.47190476029725
2024-01-01 08:31:00,57.80385778384367
2024-01-01 08:32:00,57.399630259414735
2024-01-01 08:33:00,56.03544134644175
2024-01-01 08:34:00,56.66991880716546
2024-01-01 08:35:00,59.30698771440634
2024-01-01 08:36:00,58.770634948245416
2024-01-01 08:37:00,55.78613743137208
2024-01-01 08:38:00,57.9122124422905
2024-01-01 08:39:00,59.18847507869652
2024-01-01 08:40:00,54.31889689065479
2024-01-01 08:41:00,58.716288612179284
2024-01-01 08:42:00,56.27603617355822
2024-01-01 08:43:00,58.714051720874245
2024-01-01 08:44:00,56.01776253250455
2024-01-01 08:45:00,53.90579942002898
2024-01-01 08:46:00,54.23161838216663
2024-01-01 08:47:00,57.55387019830309
2024-01-01 08:48:00,57.94800031832469
2024-01-01 08:49:00,55.590635592515206
2024-01-01 08:50:00,58.64702636384339
2024-01-01 08:51:00,54.01723356150314
2024-01-01 08:52:00,57.17840652782541
2024-01-01 08:53:00,54.85868692980207
2024-01-01 08:54:00,55.947061651510786
2024-01-01 08:55:00,57.31540765221143
2024-01-01 08:56:00,55.469522499873904
2024-01-01 08:57:00,56.39084011758862
2024-01-01 08:58:00,59.14200243377859
2024-01-01 08:59:00,55.9449629008488
2024-01-01 09:00:00,58.73932548794975
2024-01-01 09:01:00,54.77758756451763
2024-01-01 09:02:00,58.065535615039735
2024-01-01 09:03:00,59.85785705309064
2024-01-01 09:04:00,52.00009052564305
2024-01-01 09:05:00,55.31811648753439
2024-01-01 09:06:00,58.03444708328547
2024-01-01 09:07:00,56.44247684708241
2024-01-01 09:08:00,57.558993720369365
2024-01-01 09:09:00,55.57673612577142
2024-01-01 09:10:00,56.92576138021945
2024-01-01 09:11:00,56.40897403289174
2024-01-01 09:12:00,59.023511332016234
2024-01-01 09:13:00,57.16428022366276
2024-01-01 09:14:00,57.29800843206795
2024-01-01 09:15:00,55.76628761058803
2024-01-01 09:16:00,55.581942017628634
2024-01-01 09:17:00,55.65902612745779
2024-01-01 09:18:00,57.27991056829581
2024-01-01 09:19:00,55.61577747656228
2024-01-01 09:20:00,57.00391331433775
2024-01-01 09:21:00,60.541660003656055
2024-01-01 09:22:00,58.09948090065694
2024-01-01 09:23:00,55.67143643894257
2024-01-01 09:24:00,58.69204292190137
2024-01-01 09:25:00,55.439476115684116
2024-01-01 09:26:00,52.14527043271322
2024-01-01 09:27:00,54.17112102936244
2024-01-01 09:28:00,52.41136611591586
2024-01-01 09:29:00,55.41546210939709
2024-01-01 09:30:00,56.12074842444444
2024-01-01 09:31:00,59.402093006826156
2024-01-01 09:32:00,56.66826463439676
2024-01-01 09:33:00,55.541285785178424
2024-01-01 09:34:00,57.60326107755964
2024-01-01 09:35:00,51.48702915334511
2024-01-01 09:36:00,56.345266196977164
2024-01-01 09:37:00,57.380392902766765
2024-01-01 09:38:00,52.846004256233094
2024-01-01 09:39:00,58.05508854142509
2024-01-01 09:40:00,56.40886712959347
2024-01-01 09:41:00,54.86548317881994
2024-01-01 09:42:00,56.92569894540224
2024-01-01 09:43:00,60.165489334111705
2024-01-01 09:44:00,55.95169741892533
2024-01-01 09:45:00,56.04816094499375
2024-01-01 09:46:00,54.596647100490756
2024-01-01 09:47:00,53.779224243741176
2024-01-01 09:48:00,57.103024349108686
2024-01-01 09:49:00,53.69352114411781
2024-01-01 09:50:00,55.512054395145725
2024-01-01 09:51:00,54.376737897055136
2024-01-01 09:52:00,56.25304175926213
2024-01-01 09:53:00,55.9253347869654
2024-01-01 09:54:00,57.29591879102105
2024-01-01 09:55:00,54.163534996361726
2024-01-01 09:56:00,54.60644809035716
2024-01-01 09:57:00,53.15120268329341
2024-01-01 09:58:00,54.182578449262856
2024-01-01 09:59:00,55.78810422615937
2024-01-01 10:00:00,26.509722877406602
2024-01-01 10:01:00,23.113562252318488
2024-01-01 10:02:00,26.659157570886627
2024-01-01 10:03:00,27.593180574461037
2024-01-01 10:04:00,25.67064081016381
2024-01-01 10:05:00,28.559136522673306
2024-01-01 10:06:00,23.21964886820936
2024-01-01 10:07:00,22.239509433457783
2024-01-01 10:08:00,21.13287985225646
2024-01-01 10:09:00,27.64382115257886
2024-01-01 10:10:00,25.92178742632735
2024-01-01 10:11:00,54.46312249691985
2024-01-01 10:12:00,55.0953776958976
2024-01-01 10:13:00,52.24552457252621
2024-01-01 10:14:00,59.348983211166754
2024-01-01 10:15:00,54.67681330486722
2024-01-01 10:16:00,54.597968068128985
2024-01-01 10:17:00,55.79143586018583
2024-01-01 10:18:00,55.262562552834396
2024-01-01 10:19:00,54.70887170800579
2024-01-01 10:20:00,52.640633162928204
2024-01-01 10:21:00,55.124916799463264
2024-01-01 10:22:00,57.90634744076262
2024-01-01 10:23:00,56.79337800975735
2024-01-01 10:24:00,57.24907250464181
2024-01-01 10:25:00,53.00035185545247
2024-01-01 10:26:00,52.00358090801481
2024-01-01 10:27:00,53.691148193503444
2024-01-01 10:28:00,54.014028251537574
2024-01-01 10:29:00,56.0507435298094
2024-01-01 10:30:00,50.43713973797391
2024-01-01 10:31:00,56.840805346869395
2024-01-01 10:32:00,53.425252596109665
2024-01-01 10:33:00,52.84699868360518
2024-01-01 10:34:00,51.63597401962011
2024-01-01 10:35:00,50.30982166229493
2024-01-01 10:36:00,55.225159473247174
2024-01-01 10:37:00,53.684669377886074
2024-01-01 10:38:00,50.91725939787849
2024-01-01 10:39:00,50.86610480080987
2024-01-01 10:40:00,52.74370826698683
2024-01-01 10:41:00,56.71227099041136
2024-01-01 10:42:00,52.81393124682728
2024-01-01 10:43:00,50.28565057154144
2024-01-01 10:44:00,52.75921018058409
2024-01-01 10:45:00,52.663947088442136
2024-01-01 10:46:00,47.77425773606619
2024-01-01 10:47:00,53.018017745547255
2024-01-01 10:48:00,52.62325532636125
2024-01-01 10:49:00,54.43599526623803
2024-01-01 10:50:00,56.69989490916507
2024-01-01 10:51:00,55.21345578616143
2024-01-01 10:52:00,52.38083497226287
2024-01-01 10:53:00,50.66379157517141
2024-01-01 10:54:00,57.98173924693152
2024-01-01 10:55:00,52.91157876129541
2024-01-01 10:56:00,52.77906953257569
2024-01-01 10:57:00,52.660977431266225
2024-01-01 10:58:00,53.06336218461372
2024-01-01 10:59:00,52.33638609826229
2024-01-01 11:00:00,51.43564717037476
2024-01-01 11:01:00,51.44706836917719
2024-01-01 11:02:00,52.43304638768807
2024-01-01 11:03:00,51.36942247561734
2024-01-01 11:04:00,50.988252760867724
2024-01-01 11:05:00,52.584431114676036
2024-01-01 11:06:00,51.81919738929003
2024-01-01 11:07:00,55.294674605802456
2024-01-01 11:08:00,46.94224226476366
2024-01-01 11:09:00,54.38464609628533
2024-01-01 11:10:00,54.65121135668949
2024-01-01 11:11:00,47.969627965678384
2024-01-01 11:12:00,51.38836039264779
2024-01-01 11:13:00,51.2881415033785
2024-01-01 11:14:00,49.173248818230455
2024-01-01 11:15:00,50.389849936738194
2024-01-01 11:16:00,49.681505672144546
2024-01-01 11:17:00,55.364336063632436
2024-01-01 11:18:00,53.68825435568231
2024-01-01 11:19:00,54.31707554788619
2024-01-01 11:20:00,53.17434348807729
2024-01-01 11:21:00,49.4298968515494
2024-01-01 11:22:00,50.59592874626298
2024-01-01 11:23:00,52.58065595652051
2024-01-01 11:24:00,49.11455826208094
2024-01-01 11:25:00,52.9416880973034
2024-01-01 11:26:00,50.99188893033083
2024-01-01 11:27:00,50.679718555681916
2024-01-01 11:28:00,52.808073328152645
2024-01-01 11:29:00,52.231446835416314
2024-01-01 11:30:00,50.577729124644975
2024-01-01 11:31:00,53.57503755388428
2024-01-01 11:32:00,49.050943854227256
2024-01-01 11:33:00,52.401611181806054
2024-01-01 11:34:00,52.312589663824625
2024-01-01 11:35:00,50.463919996394985
2024-01-01 11:36:00,51.69188401990062
2024-01-01 11:37:00,48.493976122783884
2024-01-01 11:38:00,52.80082364071456
2024-01-01 11:39:00,50.53951350999408
2024-01-01 11:40:00,49.82040260382474
2024-01-01 11:41:00,52.92038146782312
2024-01-01 11:42:00,49.37017434386848
2024-01-01 11:43:00,47.91842300706236
2024-01-01 11:44:00,47.57855712240317
2024-01-01 11:45:00,51.86029206569171
2024-01-01 11:46:00,48.043857804758154
2024-01-01 11:47:00,54.07073770321864
2024-01-01 11:48:00,46.35371266549792
2024-01-01 11:49:00,53.86689650234813
2024-01-01 11:50:00,50.852421957321894
2024-01-01 11:51:00,50.19335585930101
2024-01-01 11:52:00,49.25333160301231
2024-01-01 11:53:00,51.097823163013075
2024-01-01 11:54:00,50.1806569819798
2024-01-01 11:55:00,52.418900729085124
2024-01-01 11:56:00,50.39711879725378
2024-01-01 11:57:00,50.425630345416124
2024-01-01 11:58:00,49.35416333940357
2024-01-01 11:59:00,49.923855907640885
2024-01-01 12:00:00,50.609709365197766
2024-01-01 12:01:00,46.53012782668968
2024-01-01 12:02:00,47.21045349581709
2024-01-01 12:03:00,51.34971403069549
2024-01-01 12:04:00,50.16128082724929
2024-01-01 12:05:00,49.40795082342948
2024-01-01 12:06:00,49.76915717521589
2024-01-01 12:07:00,50.38382963149704
2024-01-01 12:08:00,48.56552970141431
2024-01-01 12:09:00,48.04482921277794
2024-01-01 12:10:00,49.94952636620833
2024-01-01 12:11:00,47.55749591454033
2024-01-01 12:12:00,50.28716184656952
2024-01-01 12:13:00,46.02191407375736
2024-01-01 12:14:00,51.441828415616605
2024-01-01 12:15:00,50.28515970587319
2024-01-01 12:16:00,49.80848438059223
2024-01-01 12:17:00,51.218280450855126
2024-01-01 12:18:00,52.54033517196257
2024-01-01 12:19:00,51.19462927094113
2024-01-01 12:20:00,45.440659422336815
2024-01-01 12:21:00,46.51978940998283
2024-01-01 12:22:00,47.785859188688626
2024-01-01 12:23:00,49.044249814777686
2024-01-01 12:24:00,49.98397632234938
2024-01-01 12:25:00,47.45378124570158
2024-01-01 12:26:00,49.23543384148408
2024-01-01 12:27:00,47.30778756425346
2024-01-01 12:28:00,47.552193440887045
2024-01-01 12:29:00,45.91860579770928
2024-01-01 12:30:00,46.842184595041715
2024-01-01 12:31:00,45.94202994745073
2024-01-01 12:32:00,46.65042652347407
2024-01-01 12:33:00,50.66625711598724
2024-01-01 12:34:00,46.61700368381298
2024-01-01 12:35:00,53.737421797461685
2024-01-01 12:36:00,49.41617876516733
2024-01-01 12:37:00,48.75613041687243
2024-01-01 12:38:00,46.62668854623606
2024-01-01 12:39:00,49.701001353565836
2024-01-01 12:40:00,47.106115800849246
2024-01-01 12:41:00,48.45845413039748
2024-01-01 12:42:00,53.29168063277669
2024-01-01 12:43:00,47.93650363677021
2024-01-01 12:44:00,50.38431761045373
2024-01-01 12:45:00,46.63660208713149
2024-01-01 12:46:00,47.930199209189496
2024-01-01 12:47:00,51.499036802305156
2024-01-01 12:48:00,46.6607996583858
2024-01-01 12:49:00,51.496968848243846
2024-01-01 12:50:00,49.244954089339636
2024-01-01 12:51:00,46.661936492465586
2024-01-01 12:52:00,49.0091474988067
2024-01-01 12:53:00,49.64694585717333
2024-01-01 12:54:00,48.90300558970947
2024-01-01 12:55:00,44.47652951149512
2024-01-01 12:56:00,46.120343271938665
2024-01-01 12:57:00,47.03726521791045
2024-01-01 12:58:00,47.34116749527261
2024-01-01 12:59:00,48.689158217093826
2024-01-01 13:00:00,47.7610443005552
2024-01-01 13:01:00,44.69283126933125
2024-01-01 13:02:00,48.08184359044177
2024-01-01 13:03:00,48.500598295584176
2024-01-01 13:04:00,48.35703843269467
2024-01-01 13:05:00,49.3571023343215
2024-01-01 13:06:00,48.82152195158548
2024-01-01 13:07:00,48.030228770430554
2024-01-01 13:08:00,46.92978316503539
2024-01-01 13:09:00,43.70649449862742
2024-01-01 13:10:00,47.846011177530976
2024-01-01 13:11:00,47.36056587619218
2024-01-01 13:12:00,47.44682211985164
2024-01-01 13:13:00,44.308700209302934
2024-01-01 13:14:00,44.65867695726719
2024-01-01 13:15:00,48.88574897217877
2024-01-01 13:16:00,46.659047522996346
2024-01-01 13:17:00,48.05993591472916
2024-01-01 13:18:00,46.7124108707236
2024-01-01 13:19:00,46.67418968906624
2024-01-01 13:20:00,48.45021278948782
2024-01-01 13:21:00,45.500588745898874
2024-01-01 13:22:00,46.68401881859496
2024-01-01 13:23:00,45.52639256625096
2024-01-01 13:24:00,45.54118416202771
2024-01-01 13:25:00,45.751134213896755
2024-01-01 13:26:00,46.773116993878546
2024-01-01 13:27:00,45.33079311670472
2024-01-01 13:28:00,48.759314212719126
2024-01-01 13:29:00,44.41817042192337
2024-01-01 13:30:00,45.79329703584878
2024-01-01 13:31:00,45.247306506844325
2024-01-01 13:32:00,48.98052645973621
2024-01-01 13:33:00,46.439556845700764
2024-01-01 13:34:00,48.07008827145487
2024-01-01 13:35:00,42.99530640721899
2024-01-01 13:36:00,46.46063246803774
2024-01-01 13:37:00,47.66597589261577
2024-01-01 13:38:00,46.01154298540769
2024-01-01 13:39:00,47.93827555975653
2024-01-01 13:40:00,44.73315756483148
2024-01-01 13:41:00,48.546929607282685
2024-01-01 13:42:00,50.28661259480249
2024-01-01 13:43:00,44.923802956861074
2024-01-01 13:44:00,44.719221623826094
2024-01-01 13:45:00,48.47782581606995
2024-01-01 13:46:00,48.69111570083902
2024-01-01 13:47:00,44.447250999360165
2024-01-01 13:48:00,44.61368290329935
2024-01-01 13:49:00,44.85165938428398
2024-01-01 13:50:00,42.68758696464528
2024-01-01 13:51:00,43.50053153649145
2024-01-01 13:52:00,43.290990132904014
2024-01-01 13:53:00,43.72520230182448
2024-01-01 13:54:00,45.153043684328885
2024-01-01 13:55:00,45.65254994374008
2024-01-01 13:56:00,48.24692020567139
2024-01-01 13:57:00,43.1111023293233
2024-01-01 13:58:00,47.0384395737022
2024-01-01 13:59:00,44.60389535347117
2024-01-01 14:00:00,44.89511850926156
2024-01-01 14:01:00,46.30595314145894
2024-01-01 14:02:00,42.67323440310362
2024-01-01 14:03:00,45.645959005040574
2024-01-01 14:04:00,45.17660248783997
2024-01-01 14:05:00,45.79125736356727
2024-01-01 14:06:00,45.34744780412761
2024-01-01 14:07:00,49.64256610286292
2024-01-01 14:08:00,43.41944149468261
2024-01-01 14:09:00,43.595984232276535
2024-01-01 14:10:00,43.37485551108793
2024-01-01 14:11:00,43.47344319151035
2024-01-01 14:12:00,43.27298718506997
2024-01-01 14:13:00,46.88926235346721
2024-01-01 14:14:00,47.315810176298314
2024-01-01 14:15:00,43.29698671317302
2024-01-01 14:16:00,42.737551697889
2024-01-01 14:17:00,45.30898411313575
2024-01-01 14:18:00,43.22570436864385
2024-01-01 14:19:00,45.560119535830786
2024-01-01 14:20:00,44.664316055044516
2024-01-01 14:21:00,41.19130524784517
2024-01-01 14:22:00,47.282237375957756
2024-01-01 14:23:00,47.743526523296026
2024-01-01 14:24:00,42.89084938357348
2024-01-01 14:25:00,43.30579128889668
2024-01-01 14:26:00,44.617805562258944
2024-01-01 14:27:00,44.67998212951579
2024-01-01 14:28:00,45.2932649270304
2024-01-01 14:29:00,47.961808019316706
2024-01-01 14:30:00,43.552842437212234
2024-01-01 14:31:00,42.27559640401993
2024-01-01 14:32:00,41.07912314639729
2024-01-01 14:33:00,42.34158959603508
2024-01-01 14:34:00,43.70300182132172
2024-01-01 14:35:00,47.32429625416016
2024-01-01 14:36:00,42.666002006999264
2024-01-01 14:37:00,44.114964550902606
2024-01-01 14:38:00,43.60082750706829
2024-01-01 14:39:00,45.97686574886724
2024-01-01 14:40:00,48.62047184746708
2024-01-01 14:41:00,42.47151977212117
2024-01-01 14:42:00,42.5211519188286
2024-01-01 14:43:00,45.55524984039
2024-01-01 14:44:00,44.79773277483941
2024-01-01 14:45:00,47.09451121143664
2024-01-01 14:46:00,44.5362253757501
2024-01-01 14:47:00,42.61718357273277
2024-01-01 14:48:00,44.48460308988908
2024-01-01 14:49:00,45.48835380735308
2024-01-01 14:50:00,44.879692385817236
2024-01-01 14:51:00,44.22118623605111
2024-01-01 14:52:00,45.30802708778133
2024-01-01 14:53:00,45.481438417322934
2024-01-01 14:54:00,45.875465345630985
2024-01-01 14:55:00,44.37699846890168
2024-01-01 14:56:00,42.7139056675448
2024-01-01 14:57:00,43.310264738528126
2024-01-01 14:58:00,45.398683835403524
2024-01-01 14:59:00,41.32075669006246
2024-01-01 15:00:00,78.6610709634957
2024-01-01 15:01:00,77.10627780745344
2024-01-01 15:02:00,77.91981152299695
2024-01-01 15:03:00,80.38872798945954
2024-01-01 15:04:00,78.18366131034934
2024-01-01 15:05:00,77.86411228188169
2024-01-01 15:06:00,75.02144059170178
2024-01-01 15:07:00,79.20371194365563
2024-01-01 15:08:00,78.97236393205216
2024-01-01 15:09:00,81.97823516251697
2024-01-01 15:10:00,77.00663934518653
2024-01-01 15:11:00,78.03110708507505
2024-01-01 15:12:00,78.062325487033
2024-01-01 15:13:00,80.68935800126707
2024-01-01 15:14:00,77.31489588571628
2024-01-01 15:15:00,78.03470824905149
2024-01-01 15:16:00,43.66377975116562
2024-01-01 15:17:00,42.79267034566964
2024-01-01 15:18:00,41.49819461474503
2024-01-01 15:19:00,42.75099649170903
2024-01-01 15:20:00,44.48198012322777
2024-01-01 15:21:00,40.25373213299342
2024-01-01 15:22:00,42.54489471152963
2024-01-01 15:23:00,40.85105341750178
2024-01-01 15:24:00,44.61387556890813
2024-01-01 15:25:00,39.1500438687027
2024-01-01 15:26:00,41.05135797565104
2024-01-01 15:27:00,42.89655855530738
2024-01-01 15:28:00,45.24626565719878
2024-01-01 15:29:00,41.95695004136064
2024-01-01 15:30:00,40.95143515591852
2024-01-01 15:31:00,45.79768318193334
2024-01-01 15:32:00,39.11302776796356
2024-01-01 15:33:00,37.58528237445504
2024-01-01 15:34:00,42.83691459811628
2024-01-01 15:35:00,40.92692184638595
2024-01-01 15:36:00,39.862862937112766
2024-01-01 15:37:00,43.296493910964784
2024-01-01 15:38:00,42.341989544180365
2024-01-01 15:39:00,40.70099309434206
2024-01-01 15:40:00,39.24345941722781
2024-01-01 15:41:00,43.52405682716753
2024-01-01 15:42:00,43.054775054579785
2024-01-01 15:43:00,41.53140854292854
2024-01-01 15:44:00,45.398579346938064
2024-01-01 15:45:00,39.54083888483753
2024-01-01 15:46:00,38.605819579331374
2024-01-01 15:47:00,40.24907418588793
2024-01-01 15:48:00,41.51789805489581
2024-01-01 15:49:00,42.07208855936856
2024-01-01 15:50:00,41.07943737991635
2024-01-01 15:51:00,42.242680832930056
2024-01-01 15:52:00,39.01231288967601
2024-01-01 15:53:00,44.37990423968888
2024-01-01 15:54:00,41.30521800194206
2024-01-01 15:55:00,43.681419818071
2024-01-01 15:56:00,42.10974954498937
2024-01-01 15:57:00,42.31543931813883
2024-01-01 15:58:00,42.51926522412674
2024-01-01 15:59:00,42.2531097466186
2024-01-01 16:00:00,42.62126470806118
2024-01-01 16:01:00,43.972415825748584
2024-01-01 16:02:00,41.68561011091195
2024-01-01 16:03:00,42.689198131880474
2024-01-01 16:04:00,41.070508319635515
2024-01-01 16:05:00,44.10916988090419
2024-01-01 16:06:00,39.85527363877342
2024-01-01 16:07:00,44.789229350312844
2024-01-01 16:08:00,41.08649066794622
2024-01-01 16:09:00,38.284882684122174
2024-01-01 16:10:00,41.38243665971395
2024-01-01 16:11:00,39.744088463706994
2024-01-01 16:12:00,42.76761221422956
2024-01-01 16:13:00,39.76138026244821
2024-01-01 16:14:00,40.15473460177106
2024-01-01 16:15:00,37.24866376770466
2024-01-01 16:16:00,40.10394723539333
2024-01-01 16:17:00,36.14178711322856
2024-01-01 16:18:00,37.80289762254632
2024-01-01 16:19:00,42.47286205414254
2024-01-01 16:20:00,42.505134856389994
2024-01-01 16:21:00,41.766124137102146
2024-01-01 16:22:00,38.96310422794969
2024-01-01 16:23:00,40.78365467455919
2024-01-01 16:24:00,40.8540668956813
2024-01-01 16:25:00,38.526911235997495
2024-01-01 16:26:00,43.83298024773951
2024-01-01 16:27:00,42.56362597696196
2024-01-01 16:28:00,40.34986585069204
2024-01-01 16:29:00,40.82863405563512
2024-01-01 16:30:00,41.17487187206823
2024-01-01 16:31:00,36.6580564162161
2024-01-01 16:32:00,40.23076761905926
2024-01-01 16:33:00,39.34492676570615
2024-01-01 16:34:00,38.689605075135695
2024-01-01 16:35:00,40.114771603686584
2024-01-01 16:36:00,44.25664990131035
2024-01-01 16:37:00,41.92744509084679
2024-01-01 16:38:00,39.4880620675386
2024-01-01 16:39:00,41.76042473884606
2024-01-01 16:40:00,43.39898791732286
2024-01-01 16:41:00,42.43474130232632
2024-01-01 16:42:00,40.69011087495945
2024-01-01 16:43:00,39.26253236311526
2024-01-01 16:44:00,41.93858818905012
2024-01-01 16:45:00,41.31502810752693
2024-01-01 16:46:00,42.304539951407286
2024-01-01 16:47:00,41.770773954000205
2024-01-01 16:48:00,42.58599354654267
2024-01-01 16:49:00,39.40305664195525
2024-01-01 16:50:00,43.09513558389271
2024-01-01 16:51:00,40.8425487389468
2024-01-01 16:52:00,44.585055288695315
2024-01-01 16:53:00,39.04352410218275
2024-01-01 16:54:00,43.8813759612635
2024-01-01 16:55:00,40.793001197228776
2024-01-01 16:56:00,39.08225779091092
2024-01-01 16:57:00,39.40541942051653
2024-01-01 16:58:00,39.7207771120664
2024-01-01 16:59:00,41.198267833636685
2024-01-01 17:00:00,41.384254921536794
2024-01-01 17:01:00,39.180015950683455
2024-01-01 17:02:00,40.267723008297494
2024-01-01 17:03:00,44.59017357465962
2024-01-01 17:04:00,43.75010449829226
2024-01-01 17:05:00,41.15723563629676
2024-01-01 17:06:00,40.35035042898993
2024-01-01 17:07:00,40.50434653376172
2024-01-01 17:08:00,41.48144565701655
2024-01-01 17:09:00,38.19913602400877
2024-01-01 17:10:00,39.72046531855348
2024-01-01 17:11:00,36.88873346177107
2024-01-01 17:12:00,41.015217225439066
2024-01-01 17:13:00,41.502218558811705
2024-01-01 17:14:00,39.23269595281112
2024-01-01 17:15:00,43.338471267618026
2024-01-01 17:16:00,37.730582107529116
2024-01-01 17:17:00,37.24516635416279
2024-01-01 17:18:00,40.61480957742751
2024-01-01 17:19:00,42.25227966849289
2024-01-01 17:20:00,43.51830301537341
2024-01-01 17:21:00,39.22523126755914
2024-01-01 17:22:00,42.29310135449851
2024-01-01 17:23:00,40.05165051474679
2024-01-01 17:24:00,39.776528626447906
2024-01-01 17:25:00,41.88240701146824
2024-01-01 17:26:00,41.41322506860282
2024-01-01 17:27:00,36.94947556215042
2024-01-01 17:28:00,43.04920964933356
2024-01-01 17:29:00,42.85036935812728
2024-01-01 17:30:00,38.833307686126936
2024-01-01 17:31:00,40.870475444278064
2024-01-01 17:32:00,41.06155299315345
2024-01-01 17:33:00,40.58965345273305
2024-01-01 17:34:00,38.96269806998855
2024-01-01 17:35:00,38.71525334967605
2024-01-01 17:36:00,40.002772994297935
2024-01-01 17:37:00,42.39490965635528
2024-01-01 17:38:00,41.13241192377149
2024-01-01 17:39:00,39.29993254310068
2024-01-01 17:40:00,41.58069789434688
2024-01-01 17:41:00,34.33654424418479
2024-01-01 17:42:00,42.327679715117874
2024-01-01 17:43:00,36.54742946858153
2024-01-01 17:44:00,39.29887380061575
2024-01-01 17:45:00,37.7815045560415
2024-01-01 17:46:00,37.428760115759715
2024-01-01 17:47:00,42.337245475730924
2024-01-01 17:48:00,39.077848492194924
2024-01-01 17:49:00,40.70410785678352
2024-01-01 17:50:00,39.915298379689204
2024-01-01 17:51:00,40.961450918981555
2024-01-01 17:52:00,40.15943309042192
2024-01-01 17:53:00,37.438415250460096
2024-01-01 17:54:00,41.99573410150315
2024-01-01 17:55:00,39.01467845613401
2024-01-01 17:56:00,36.88820940027508
2024-01-01 17:57:00,39.14451488167837
2024-01-01 17:58:00,43.001827233732676
2024-01-01 17:59:00,41.70050403671662
2024-01-01 18:00:00,39.302699639577405
2024-01-01 18:01:00,39.3016223126165
2024-01-01 18:02:00,39.357191886087
2024-01-01 18:03:00,44.154472671144134
2024-01-01 18:04:00,40.76555276241541
2024-01-01 18:05:00,40.862660731263304
2024-01-01 18:06:00,42.0642303318158
2024-01-01 18:07:00,40.48251811593478
2024-01-01 18:08:00,39.48832224331924
2024-01-01 18:09:00,39.61536390888379
2024-01-01 18:10:00,39.866708463772845
2024-01-01 18:11:00,39.937504153398045
2024-01-01 18:12:00,41.46943558696964
2024-01-01 18:13:00,40.120486331618
2024-01-01 18:14:00,41.48448291571839
2024-01-01 18:15:00,39.86056789365499
2024-01-01 18:16:00,40.18225976509489
2024-01-01 18:17:00,36.03176632707983
2024-01-01 18:18:00,41.864191277787945
2024-01-01 18:19:00,40.72807096882514
2024-01-01 18:20:00,42.0348621140356
2024-01-01 18:21:00,34.25026873247603
2024-01-01 18:22:00,44.22365613523772
2024-01-01 18:23:00,39.772044269838375
2024-01-01 18:24:00,42.27209544153932
2024-01-01 18:25:00,37.980613631346586
2024-01-01 18:26:00,41.290858279441466
2024-01-01 18:27:00,37.96355353983506
2024-01-01 18:28:00,38.82811005816253
2024-01-01 18:29:00,43.909163016921696
2024-01-01 18:30:00,39.70537674971418
2024-01-01 18:31:00,40.52743734463042
2024-01-01 18:32:00,41.83872580061857
2024-01-01 18:33:00,41.09616143546521
2024-01-01 18:34:00,40.412031251172166
2024-01-01 18:35:00,40.84769956645638
2024-01-01 18:36:00,44.9313810665141
2024-01-01 18:37:00,40.01627272137485
2024-01-01 18:38:00,40.54085678060116
2024-01-01 18:39:00,42.24730366709465
2024-01-01 18:40:00,42.364570605359724
2024-01-01 18:41:00,42.53529074808768
2024-01-01 18:42:00,41.44658936483832
2024-01-01 18:43:00,37.89120511498397
2024-01-01 18:44:00,43.452351106560144
2024-01-01 18:45:00,37.9012572817146
2024-01-01 18:46:00,40.80786578717792
2024-01-01 18:47:00,38.7028765440787
2024-01-01 18:48:00,40.092171368580594
2024-01-01 18:49:00,40.887178958465555
2024-01-01 18:50:00,40.8817607279578
2024-01-01 18:51:00,41.09246586895285
2024-01-01 18:52:00,43.485810683830024
2024-01-01 18:53:00,41.1754060698184
2024-01-01 18:54:00,39.79015886364231
2024-01-01 18:55:00,42.21696629156707
2024-01-01 18:56:00,42.67823771039172
2024-01-01 18:57:00,37.854770636535
2024-01-01 18:58:00,41.51566049390002
2024-01-01 18:59:00,41.73426427223355
2024-01-01 19:00:00,39.7480343497077
2024-01-01 19:01:00,43.10600147314873
2024-01-01 19:02:00,40.066086866214555
2024-01-01 19:03:00,40.62914462350883
2024-01-01 19:04:00,40.04382500219731
2024-01-01 19:05:00,40.433286709931316
2024-01-01 19:06:00,38.22192120319028
2024-01-01 19:07:00,37.54689493713676
2024-01-01 19:08:00,43.628714478698726
2024-01-01 19:09:00,38.75867138808818
2024-01-01 19:10:00,38.482880955346886
2024-01-01 19:11:00,36.17213858468811
2024-01-01 19:12:00,39.21442980983823
2024-01-01 19:13:00,37.859789291540245
2024-01-01 19:14:00,43.803795592264116
2024-01-01 19:15:00,42.55337640204888
2024-01-01 19:16:00,39.17159877591567
2024-01-01 19:17:00,45.06710834176784
2024-01-01 19:18:00,42.54028471870783
2024-01-01 19:19:00,39.94178746370339
2024-01-01 19:20:00,35.60751447941517
2024-01-01 19:21:00,45.20326564191339
2024-01-01 19:22:00,37.85746877317702
2024-01-01 19:23:00,37.36122775503825
2024-01-01 19:24:00,42.712755693971005
2024-01-01 19:25:00,45.562886965467285
2024-01-01 19:26:00,43.46787255418437
2024-01-01 19:27:00,41.84326705950097
2024-01-01 19:28:00,41.921256235765114
2024-01-01 19:29:00,42.45505392341799
2024-01-01 19:30:00,42.282731445455475
2024-01-01 19:31:00,41.34408446330826
2024-01-01 19:32:00,41.00710674173511
2024-01-01 19:33:00,40.690696441635914
2024-01-01 19:34:00,39.32530660127674
2024-01-01 19:35:00,40.289413294321584
2024-01-01 19:36:00,37.48255174235253
2024-01-01 19:37:00,40.68966195633951
2024-01-01 19:38:00,38.927208410852536
2024-01-01 19:39:00,38.71543463822401
2024-01-01 19:40:00,41.30079710767639
2024-01-01 19:41:00,43.74358144562934
2024-01-01 19:42:00,42.814950333730415
2024-01-01 19:43:00,37.8562279875588
2024-01-01 19:44:00,39.03705645884385
2024-01-01 19:45:00,42.91710974578093
2024-01-01 19:46:00,39.09001795447035
2024-01-01 19:47:00,40.62532217724801
2024-01-01 19:48:00,42.194458401724326
2024-01-01 19:49:00,39.17760063466702
2024-01-01 19:50:00,41.34514513200861
2024-01-01 19:51:00,38.48661655690024
2024-01-01 19:52:00,39.972374151430046
2024-01-01 19:53:00,41.83528327645905
2024-01-01 19:54:00,38.03050959366645
2024-01-01 19:55:00,42.11839147719573
2024-01-01 19:56:00,41.21927823304489
2024-01-01 19:57:00,42.38481205634443
2024-01-01 19:58:00,41.74910481397939
2024-01-01 19:59:00,44.05116747744211
2024-01-01 20:00:00,41.595110956159985
2024-01-01 20:01:00,40.507791048982284
2024-01-01 20:02:00,41.63330174679867
2024-01-01 20:03:00,42.49757141644309
2024-01-01 20:04:00,41.53112770067131
2024-01-01 20:05:00,41.537186300853605
2024-01-01 20:06:00,40.07477762769012
2024-01-01 20:07:00,40.175879546047646
2024-01-01 20:08:00,38.71955307184949
2024-01-01 20:09:00,45.04716075295812
2024-01-01 20:10:00,39.083685421081384
2024-01-01 20:11:00,40.209166649938666
2024-01-01 20:12:00,40.1818877476305
2024-01-01 20:13:00,43.432435893604335
2024-01-01 20:14:00,41.076731816882116
2024-01-01 20:15:00,44.186318067433
2024-01-01 20:16:00,40.36821367612744
2024-01-01 20:17:00,42.29770204153027
2024-01-01 20:18:00,40.09369572599086
2024-01-01 20:19:00,46.079521056471094
2024-01-01 20:20:00,39.43901531130414
2024-01-01 20:21:00,42.45899882234125
2024-01-01 20:22:00,43.13221184145161
2024-01-01 20:23:00,42.717711895497594
2024-01-01 20:24:00,41.54514846233314
2024-01-01 20:25:00,41.68184643084047
2024-01-01 20:26:00,42.055028304514664
2024-01-01 20:27:00,41.699471873961365
2024-01-01 20:28:00,43.9474571173515
2024-01-01 20:29:00,46.46711988393357
2024-01-01 20:30:00,40.95761679583987
2024-01-01 20:31:00,39.35967187470199
2024-01-01 20:32:00,41.94954167997103
2024-01-01 20:33:00,47.31250235864732
2024-01-01 20:34:00,40.572861904102936
2024-01-01 20:35:00,45.48572094101321
2024-01-01 20:36:00,45.590313662243496
2024-01-01 20:37:00,41.155308146200234
2024-01-01 20:38:00,43.42817074993301
2024-01-01 20:39:00,45.57486463824021
2024-01-01 20:40:00,41.58782901816047
2024-01-01 20:41:00,41.96708266228534
2024-01-01 20:42:00,41.239185674843974
2024-01-01 20:43:00,40.401482860431436
2024-01-01 20:44:00,41.16103420775803
2024-01-01 20:45:00,40.04044535286201
2024-01-01 20:46:00,42.58537247651654
2024-01-01 20:47:00,41.00628124657415
2024-01-01 20:48:00,43.04296366330043
2024-01-01 20:49:00,39.49290608522198
2024-01-01 20:50:00,43.29590422870666
2024-01-01 20:51:00,44.33078836205517
2024-01-01 20:52:00,38.70598555266606
2024-01-01 20:53:00,43.47143553472762
2024-01-01 20:54:00,45.20866452664393
2024-01-01 20:55:00,40.36418666897108
2024-01-01 20:56:00,46.1588930885976
2024-01-01 20:57:00,43.68220280943911
2024-01-01 20:58:00,41.46469384288798
2024-01-01 20:59:00,42.79386786880125
2024-01-01 21:00:00,44.05288344040258
2024-01-01 21:01:00,43.119198523900074
2024-01-01 21:02:00,44.07579179653847
2024-01-01 21:03:00,41.18815804874149
2024-01-01 21:04:00,43.399585064200764
2024-01-01 21:05:00,40.26492476428229
2024-01-01 21:06:00,42.90152353833807
2024-01-01 21:07:00,41.347913239767294
2024-01-01 21:08:00,41.716551853141354
2024-01-01 21:09:00,45.691811051090134
2024-01-01 21:10:00,45.43438704122114
2024-01-01 21:11:00,44.50231366605641
2024-01-01 21:12:00,41.131810429335715
2024-01-01 21:13:00,42.71614488690658
2024-01-01 21:14:00,45.807809687569105
2024-01-01 21:15:00,43.69782666801449
2024-01-01 21:16:00,48.08595590134083
2024-01-01 21:17:00,44.2669612816483
2024-01-01 21:18:00,43.897576789104725
2024-01-01 21:19:00,42.928522121346454
2024-01-01 21:20:00,43.847236259530284
2024-01-01 21:21:00,43.3087364478913
2024-01-01 21:22:00,45.063536776744854
2024-01-01 21:23:00,45.594488350940395
2024-01-01 21:24:00,42.142989438522434
2024-01-01 21:25:00,41.086506797456586
2024-01-01 21:26:00,40.1106853586094
2024-01-01 21:27:00,44.833320564190835
2024-01-01 21:28:00,41.64496425671439
2024-01-01 21:29:00,39.58039294059826
2024-01-01 21:30:00,44.69792443511872
2024-01-01 21:31:00,48.941475143738536
2024-01-01 21:32:00,43.978158290816864
2024-01-01 21:33:00,45.70222012678348
2024-01-01 21:34:00,44.22394955249112
2024-01-01 21:35:00,43.89767691246685
2024-01-01 21:36:00,45.968887024465715
2024-01-01 21:37:00,43.58557459405056
2024-01-01 21:38:00,44.736409044785724
2024-01-01 21:39:00,44.880631197387935
2024-01-01 21:40:00,42.93677560196398
2024-01-01 21:41:00,46.29287120814735
2024-01-01 21:42:00,43.99480538867026
2024-01-01 21:43:00,42.86928068475271
2024-01-01 21:44:00,45.48994381472375
2024-01-01 21:45:00,42.656247621450966
2024-01-01 21:46:00,44.54591100024007
2024-01-01 21:47:00,44.50778074310196
2024-01-01 21:48:00,46.7343841747641
2024-01-01 21:49:00,45.54866737481006
2024-01-01 21:50:00,44.58599771819196
2024-01-01 21:51:00,46.308467120883
2024-01-01 21:52:00,47.49033396502481
2024-01-01 21:53:00,45.862624577516385
2024-01-01 21:54:00,44.80489434932487
2024-01-01 21:55:00,42.197801128548974
2024-01-01 21:56:00,42.728629379386255
2024-01-01 21:57:00,44.28588832580425
2024-01-01 21:58:00,43.71489156200792
2024-01-01 21:59:00,44.59764807930098
2024-01-01 22:00:00,45.12266102360243
2024-01-01 22:01:00,46.10661222128346
2024-01-01 22:02:00,44.94418902426327
2024-01-01 22:03:00,46.096243341922545
2024-01-01 22:04:00,45.290335239101196
2024-01-01 22:05:00,41.24869178678196
2024-01-01 22:06:00,43.35928406837959
2024-01-01 22:07:00,44.988200377599306
2024-01-01 22:08:00,42.895496601135825
2024-01-01 22:09:00,46.553343375874626
2024-01-01 22:10:00,48.45367590576157
2024-01-01 22:11:00,47.868474028942174
2024-01-01 22:12:00,45.04292768892413
2024-01-01 22:13:00,48.49021509030992
2024-01-01 22:14:00,45.84513265560974
2024-01-01 22:15:00,44.91274551888738
2024-01-01 22:16:00,44.39931590421938
2024-01-01 22:17:00,45.06046893209931
2024-01-01 22:18:00,44.92842429711398
2024-01-01 22:19:00,46.08506181359256
2024-01-01 22:20:00,46.10490981973045
2024-01-01 22:21:00,45.82946668794662
2024-01-01 22:22:00,46.73694332390805
2024-01-01 22:23:00,48.28413066156163
2024-01-01 22:24:00,47.84179554377413
2024-01-01 22:25:00,43.012817771267876
2024-01-01 22:26:00,40.91477438758658
2024-01-01 22:27:00,47.931335181154196
2024-01-01 22:28:00,43.36909165186524
2024-01-01 22:29:00,45.69354615891116
2024-01-01 22:30:00,43.84315228238938
2024-01-01 22:31:00,42.619791521402774
2024-01-01 22:32:00,47.34712383631788
2024-01-01 22:33:00,47.82302583482764
2024-01-01 22:34:00,45.19228222637419
2024-01-01 22:35:00,41.203875563416624
2024-01-01 22:36:00,45.33419720301036
2024-01-01 22:37:00,47.251088118405015
2024-01-01 22:38:00,43.55051825746138
2024-01-01 22:39:00,46.915989023070836
2024-01-01 22:40:00,46.55964299526409
2024-01-01 22:41:00,47.78990414375427
2024-01-01 22:42:00,46.91160449117979
2024-01-01 22:43:00,44.76749185803613
2024-01-01 22:44:00,49.14802131980828
2024-01-01 22:45:00,46.47912955272959
2024-01-01 22:46:00,46.78295102090678
2024-01-01 22:47:00,45.01245581381483
2024-01-01 22:48:00,46.033918303409685
2024-01-01 22:49:00,45.19242710314061
2024-01-01 22:50:00,46.65774799697577
2024-01-01 22:51:00,50.468721730516265
2024-01-01 22:52:00,44.343223412025985
2024-01-01 22:53:00,43.90167930943609
2024-01-01 22:54:00,50.112973851460346
2024-01-01 22:55:00,46.79387082073312
2024-01-01 22:56:00,45.916310765832
2024-01-01 22:57:00,49.37625597687028
2024-01-01 22:58:00,46.127257372606074
2024-01-01 22:59:00,51.03260041953412
2024-01-01 23:00:00,48.778575164156
2024-01-01 23:01:00,46.489092120267834
2024-01-01 23:02:00,51.82177116064952
2024-01-01 23:03:00,46.33801216366197
2024-01-01 23:04:00,49.07596670183734
2024-01-01 23:05:00,48.232740933101944
2024-01-01 23:06:00,50.28006322472357
2024-01-01 23:07:00,50.84207216417193
2024-01-01 23:08:00,47.82557063594291
2024-01-01 23:09:00,46.297281796831314
2024-01-01 23:10:00,48.76665884523968
2024-01-01 23:11:00,46.53392185253023
2024-01-01 23:12:00,51.95880531852461
2024-01-01 23:13:00,48.24781910300075
2024-01-01 23:14:00,47.286861527914894
2024-01-01 23:15:00,48.42965918999102
2024-01-01 23:16:00,45.40887688990131
2024-01-01 23:17:00,46.20276840987188
2024-01-01 23:18:00,50.58972663151501
2024-01-01 23:19:00,46.91804708011181
2024-01-01 23:20:00,46.18098417105268
2024-01-01 23:21:00,49.39111499736323
2024-01-01 23:22:00,50.73225319602774
2024-01-01 23:23:00,49.84181812128663
2024-01-01 23:24:00,50.439103883450585
2024-01-01 23:25:00,46.97654492439733
2024-01-01 23:26:00,45.68966911418846
2024-01-01 23:27:00,51.579141032233714
2024-01-01 23:28:00,47.97432444334782
2024-01-01 23:29:00,48.16125476991777
2024-01-01 23:30:00,51.36257123393519
2024-01-01 23:31:00,49.86192975810304
2024-01-01 23:32:00,49.70455588975764
2024-01-01 23:33:00,53.16611863403646
2024-01-01 23:34:00,47.59243324914214
2024-01-01 23:35:00,50.77852707302027
2024-01-01 23:36:00,49.08027068874709
2024-01-01 23:37:00,49.54684630737605
2024-01-01 23:38:00,52.11003477485953
2024-01-01 23:39:00,50.112223641414495
2024-01-01 23:40:00,50.21661570053524
2024-01-01 23:41:00,51.32852600951261
2024-01-01 23:42:00,48.49710921886496
2024-01-01 23:43:00,47.59211340837942
2024-01-01 23:44:00,47.224446313338866
2024-01-01 23:45:00,45.42489654507249
2024-01-01 23:46:00,53.51358124092319
2024-01-01 23:47:00,47.23831891201311
2024-01-01 23:48:00,49.04580763409897
2024-01-01 23:49:00,48.978277264709554
2024-01-01 23:50:00,50.19031515854252
2024-01-01 23:51:00,51.25058217130723
2024-01-01 23:52:00,51.383667960613224
2024-01-01 23:53:00,48.540185768136965
2024-01-01 23:54:00,49.41572247203201
2024-01-01 23:55:00,50.35875581698667
2024-01-01 23:56:00,49.339847611159136
2024-01-01 23:57:00,53.09555806315405
2024-01-01 23:58:00,50.90645613095186
2024-01-01 23:59:00,51.437902554168254
